City,Latitude,Longitude,Humidity,Cloudiness,Windspeed,Temperature_Max
castro,-24.7911,-50.0119,40,40,5.88,74.64
lebu,-37.6167,-73.65,97,100,10.71,54.1
new norfolk,-42.7826,147.0587,82,99,2.21,46.9
saint-philippe,-21.3585,55.7679,82,32,13.4,67.21
richards bay,-28.783,32.0377,75,0,12.55,69.04
cururupu,-1.8283,-44.8683,47,55,5.14,90.34
vaini,-21.2,-175.2,72,100,14.38,73.44
busselton,-33.65,115.3333,80,32,17.02,59.14
coquimbo,-29.9533,-71.3436,80,20,4.99,58.66
port elizabeth,-33.918,25.5701,45,76,1.99,63.32
avarua,-21.2078,-159.775,79,95,12.48,74.37
rantepao,-2.9701,119.8978,97,77,1.21,67.41
hermanus,-34.4187,19.2345,66,90,11.7,58.8
ancud,-41.8697,-73.8203,94,100,11.27,40.23
cape town,-33.9258,18.4232,76,100,5.01,62.38
monkey bay,-14.0728,34.9201,52,79,4.0,76.39
arraial do cabo,-22.9661,-42.0278,75,2,13.76,73.09
poum,-20.2333,164.0167,90,37,19.66,77.04
kavieng,-2.5744,150.7967,79,34,9.75,81.64
saint-pierre,-21.3393,55.4781,75,18,10.31,70.92
sao joao da barra,-21.6403,-41.0511,73,2,12.57,74.16
atuona,-9.8,-139.0333,75,2,15.14,76.77
touros,-5.1989,-35.4608,68,90,14.74,82.51
tarauaca,-8.1614,-70.7656,41,16,2.51,91.27
puerto ayora,-0.7393,-90.3518,85,55,8.01,71.55
bredasdorp,-34.5322,20.0403,62,100,7.0,55.58
loandjili,-4.7561,11.8578,75,74,8.88,72.37
bluff,-46.6,168.3333,83,94,7.31,35.8
gamba,-2.65,10.0,74,89,11.21,73.51
kaitangata,-46.2817,169.8464,91,94,5.37,40.42
east london,-33.0153,27.9116,53,7,9.78,70.45
rikitea,-23.1203,-134.9692,76,98,7.96,72.5
ushuaia,-54.8,-68.3,81,97,16.64,35.44
chipinge,-20.1883,32.6236,55,21,5.19,59.61
hobart,-42.8794,147.3294,90,100,6.96,47.26
kruisfontein,-34.0033,24.7314,70,100,4.97,59.88
esperance,-33.8667,121.9,77,84,12.62,53.38
souillac,-20.5167,57.5167,79,30,15.68,70.27
hithadhoo,-0.6,73.0833,74,100,7.14,81.05
punta arenas,-53.15,-70.9167,70,19,20.89,37.11
mataura,-46.1927,168.8643,98,14,3.04,35.47
port alfred,-33.5906,26.891,77,36,6.04,61.18
rio grande,-32.035,-52.0986,98,100,4.65,65.95
port lincoln,-34.7333,135.8667,66,82,6.35,52.81
randfontein,-26.1844,27.702,39,63,3.67,58.6
aripuana,-9.1667,-60.6333,28,33,4.43,94.33
nanyamba,-10.6833,39.8333,67,31,8.88,70.81
presidencia roque saenz pena,-26.7852,-60.4388,26,26,11.45,88.97
ballina,-28.8667,153.5667,97,99,23.94,60.01
codrington,-38.2667,141.9667,88,100,3.94,51.73
isangel,-19.55,169.2667,87,100,12.08,75.99
koumac,-20.5667,164.2833,89,44,11.18,75.58
mount gambier,-37.8333,140.7667,96,100,9.28,51.1
carnarvon,-24.8667,113.6333,64,0,17.25,64.74
necochea,-38.5473,-58.7368,64,100,3.62,51.12
grand gaube,-20.0064,57.6608,72,56,8.99,71.38
chuy,-33.6971,-53.4616,82,100,3.24,59.63
rocha,-34.4833,-54.3333,74,89,3.4,61.12
lufilufi,-13.8745,-171.5986,78,52,10.94,79.43
tautira,-17.7333,-149.15,79,50,11.39,75.79
flinders,-34.5833,150.8552,91,68,5.99,52.18
nelson bay,-32.7167,152.15,78,85,11.01,62.01
alofi,-19.0595,-169.9187,78,48,5.86,75.79
paso de los toros,-32.8167,-56.5167,86,100,4.45,66.0
faanui,-16.4833,-151.75,73,12,9.71,77.61
sarandi,-23.4436,-51.8739,29,1,11.16,82.27
kaeo,-35.1,173.7833,92,83,8.08,47.32
alenquer,-1.9417,-54.7383,47,22,5.32,91.51
te anau,-45.4167,167.7167,95,60,2.26,31.8
nchelenge,-9.3451,28.734,50,24,4.68,74.08
ambovombe,-25.1667,46.0833,77,0,11.61,68.0
diamantino,-14.4086,-56.4461,21,33,8.01,93.2
cidreira,-30.1811,-50.2056,81,93,3.27,68.95
ngunguru,-35.6167,174.5,69,85,13.09,54.39
elliot,-31.3333,27.85,38,2,6.82,53.37
lodja,-3.4833,23.4333,29,98,0.43,89.01
mahebourg,-20.4081,57.7,78,31,17.31,71.26
merauke,-8.4667,140.3333,90,52,9.91,75.61
tonantins,-2.8731,-67.8022,94,98,1.34,77.74
antalaha,-14.9003,50.2788,85,17,8.55,68.11
burnie,-41.0667,145.9167,85,100,15.08,54.91
samarai,-10.6167,150.6667,81,31,4.92,79.61
bengkulu,-3.8004,102.2655,89,90,5.19,76.24
nkowakowa,-23.8878,30.2871,57,92,4.65,67.41
kupang,-10.1667,123.5833,69,100,11.36,72.95
huarmey,-10.0681,-78.1522,75,61,6.4,65.1
pedro juan caballero,-22.5472,-55.7333,26,13,10.58,84.06
manggar,-2.8833,108.2667,78,99,5.68,80.62
lorengau,-2.0226,147.2712,80,86,7.74,81.79
eenhana,-17.4667,16.3333,17,0,4.79,76.98
mar del plata,-38.0023,-57.5575,62,100,1.99,52.95
gizo,-8.103,156.8419,74,63,5.79,81.73
monte aprazivel,-20.7725,-49.7142,23,59,8.79,86.49
lima,-12.0432,-77.0282,76,55,7.36,62.58
vila velha,-20.3297,-40.2925,72,2,3.0,78.94
bambous virieux,-20.3428,57.7575,78,41,17.18,71.22
le port,-20.9373,55.2919,65,12,3.91,71.26
borba,-4.3878,-59.5939,42,74,1.99,94.55
ambilobe,-13.2,49.05,67,80,3.6,72.73
mitsamiouli,-11.3847,43.2844,74,34,6.46,75.67
plettenberg bay,-34.0527,23.3716,67,76,3.76,58.19
saldanha,-33.0117,17.9442,83,100,4.63,56.17
oranjemund,-28.55,16.4333,80,45,13.15,57.07
antofagasta,-23.65,-70.4,71,79,8.48,61.79
kimbe,-5.5502,150.1429,92,98,3.74,75.69
uige,-7.6087,15.0613,28,71,6.42,87.19
morrope,-6.5417,-80.0111,61,33,6.98,71.58
maragogi,-9.0122,-35.2225,79,87,10.98,78.22
divinopolis,-20.1389,-44.8839,28,2,4.65,81.9
mafeteng,-29.823,27.2374,41,0,4.45,52.0
trelew,-43.249,-65.3051,41,100,8.1,43.02
camabatela,-8.1881,15.375,25,72,1.25,83.35
constitucion,-35.3333,-72.4167,71,100,8.1,58.86
roebourne,-20.7833,117.1333,73,5,10.13,71.6
nampula,-15.1165,39.2666,58,95,5.84,70.2
ewo,-0.8725,14.8206,49,100,1.81,85.32
tadine,-21.55,167.8833,88,100,15.28,75.22
kieta,-6.2167,155.6333,75,11,3.09,77.23
dunedin,-45.8742,170.5036,73,91,6.96,43.81
namatanai,-3.6667,152.4333,83,100,6.29,79.07
menongue,-14.6585,17.691,19,21,5.48,77.7
rawson,-43.3002,-65.1023,42,99,7.29,42.85
mocuba,-16.8392,36.9856,67,31,6.96,70.14
paita,-5.0892,-81.1144,73,5,8.3,67.98
inverell,-29.7833,151.1167,69,74,8.77,53.73
kibaya,-5.3,36.5667,62,26,9.15,60.58
tual,-5.6667,132.75,76,61,13.67,77.52
padang,-0.9492,100.3543,88,100,4.99,78.57
conde,-7.2597,-34.9075,75,94,15.75,78.73
luau,-10.7073,22.2247,21,90,4.07,81.0
yulara,-25.2406,130.9889,29,90,7.63,61.7
namwala,-15.7504,26.4384,33,68,6.55,71.83
mataram,-8.5833,116.1167,84,100,8.63,76.21
mildura,-34.2,142.15,73,100,9.04,55.08
mackay,-21.15,149.2,72,0,10.78,59.76
puerto maldonado,-12.6,-69.1833,36,0,3.67,92.03
kiunga,-6.1219,141.2906,99,99,1.48,73.87
colquiri,-17.4167,-67.1333,7,0,7.52,49.01
labrea,-7.2586,-64.7981,38,20,1.81,95.61
beloha,-25.1667,45.05,75,3,9.64,66.38
illapel,-31.6308,-71.1653,39,4,3.6,69.57
catende,-8.6667,-35.7167,82,87,11.23,76.53
luderitz,-26.6481,15.1594,64,8,14.97,63.09
redcliffe,-27.2307,153.0973,77,99,21.18,61.27
coihaique,-45.5752,-72.0662,91,98,1.36,28.87
bima,-8.4667,118.7167,89,88,4.52,71.13
poya,-21.35,165.15,89,50,7.38,74.34
port-gentil,-0.7193,8.7815,77,48,16.91,75.22
ilheus,-14.7889,-39.0494,61,24,10.18,78.93
alice springs,-23.7,133.8833,33,0,3.98,52.52
tuatapere,-46.1333,167.6833,94,54,3.83,38.12
karratha,-20.7377,116.8463,74,1,9.57,71.58
vallenar,-28.5708,-70.7581,57,16,2.59,66.34
monteiro,-7.8894,-37.12,50,88,10.6,80.37
mancio lima,-7.6142,-72.8958,43,50,2.3,89.82
boende,-0.2167,20.8667,92,100,4.5,73.87
waipawa,-41.4122,175.5153,73,52,4.72,39.92
quelimane,-17.8786,36.8883,81,3,4.85,68.05
comodoro rivadavia,-45.8667,-67.5,37,1,8.52,40.26
caravelas,-17.7125,-39.2481,76,48,5.75,75.36
knysna,-34.0363,23.0471,69,98,1.61,57.74
cap malheureux,-19.9842,57.6142,73,56,7.0,71.47
chissamba,-12.1667,17.3333,22,6,1.52,78.48
mareeba,-17.0,145.4333,93,95,2.66,61.48
hualmay,-11.0964,-77.6139,71,60,5.23,65.14
port keats,-14.25,129.55,39,55,5.68,65.95
sechura,-5.5569,-80.8222,64,4,6.6,70.7
kismayo,-0.3582,42.5454,79,68,17.76,75.7
ballarat,-37.5662,143.8496,75,100,9.1,49.84
manono,-7.3,27.4167,23,25,8.43,88.88
opuwo,-18.0607,13.84,16,0,6.69,77.88
general roca,-39.0333,-67.5833,69,100,9.13,49.62
luanda,-8.8368,13.2343,80,95,12.93,70.02
belmonte,-15.8631,-38.8828,63,57,8.08,78.04
coari,-4.085,-63.1414,50,43,0.67,91.54
mayumba,-3.432,10.6554,78,88,9.31,72.28
tupiza,-21.45,-65.7167,7,15,14.61,69.64
